"check_name","target","schema_name","engine","dimension","status","operator","actual_value","expected_value","failed_rows_count","aggregation_type","message","rendered_implementation","tables_in_query","check_path","check_ref_type","logical_type","is_generated","execution_time_ms"
"month_column_exists_check","hdb_resale_prices.month","hdb_resale_prices","sql","conformity","PASSED","mustBe","0","0",0,"count","","SELECT COUNT(*) FROM (SELECT ""month"" FROM ""hdb_resale_prices"" LIMIT 0) AS _vowl_column_exists","['hdb_resale_prices']","$.schema[0].properties[0].name","DeclaredColumnExistsCheckReference","string","True",5.17995800009885
"month_logical_type_check","hdb_resale_prices.month","hdb_resale_prices","sql","conformity","PASSED","mustBe","0","0",0,"count","","SELECT COUNT(*) FROM ""hdb_resale_prices"" WHERE NOT ""month"" IS NULL AND TRY_CAST(""month"" AS TEXT) IS NULL","['hdb_resale_prices']","$.schema[0].properties[0].logicalType","LogicalTypeCheckReference","string","True",8.656459000121686
"town_column_exists_check","hdb_resale_prices.town","hdb_resale_prices","sql","conformity","PASSED","mustBe","0","0",0,"count","","SELECT COUNT(*) FROM (SELECT ""town"" FROM ""hdb_resale_prices"" LIMIT 0) AS _vowl_column_exists","['hdb_resale_prices']","$.schema[0].properties[1].name","DeclaredColumnExistsCheckReference",,"True",4.50074999980643
"flat_type_column_exists_check","hdb_resale_prices.flat_type","hdb_resale_prices","sql","conformity","PASSED","mustBe","0","0",0,"count","","SELECT COUNT(*) FROM (SELECT ""flat_type"" FROM ""hdb_resale_prices"" LIMIT 0) AS _vowl_column_exists","['hdb_resale_prices']","$.schema[0].properties[2].name","DeclaredColumnExistsCheckReference",,"True",4.796790999989753
"block_column_exists_check","hdb_resale_prices.block","hdb_resale_prices","sql","conformity","PASSED","mustBe","0","0",0,"count","","SELECT COUNT(*) FROM (SELECT ""block"" FROM ""hdb_resale_prices"" LIMIT 0) AS _vowl_column_exists","['hdb_resale_prices']","$.schema[0].properties[3].name","DeclaredColumnExistsCheckReference",,"True",4.787541000041529
"street_name_column_exists_check","hdb_resale_prices.street_name","hdb_resale_prices","sql","conformity","PASSED","mustBe","0","0",0,"count","","SELECT COUNT(*) FROM (SELECT ""street_name"" FROM ""hdb_resale_prices"" LIMIT 0) AS _vowl_column_exists","['hdb_resale_prices']","$.schema[0].properties[4].name","DeclaredColumnExistsCheckReference",,"True",4.367000000002008
"storey_range_column_exists_check","hdb_resale_prices.storey_range","hdb_resale_prices","sql","conformity","PASSED","mustBe","0","0",0,"count","","SELECT COUNT(*) FROM (SELECT ""storey_range"" FROM ""hdb_resale_prices"" LIMIT 0) AS _vowl_column_exists","['hdb_resale_prices']","$.schema[0].properties[5].name","DeclaredColumnExistsCheckReference",,"True",57.15800000007221
"floor_area_sqm_column_exists_check","hdb_resale_prices.floor_area_sqm","hdb_resale_prices","sql","conformity","PASSED","mustBe","0","0",0,"count","","SELECT COUNT(*) FROM (SELECT ""floor_area_sqm"" FROM ""hdb_resale_prices"" LIMIT 0) AS _vowl_column_exists","['hdb_resale_prices']","$.schema[0].properties[6].name","DeclaredColumnExistsCheckReference",,"True",4.692500000146538
"flat_model_column_exists_check","hdb_resale_prices.flat_model","hdb_resale_prices","sql","conformity","PASSED","mustBe","0","0",0,"count","","SELECT COUNT(*) FROM (SELECT ""flat_model"" FROM ""hdb_resale_prices"" LIMIT 0) AS _vowl_column_exists","['hdb_resale_prices']","$.schema[0].properties[7].name","DeclaredColumnExistsCheckReference",,"True",6.057625000266853
"lease_commence_date_column_exists_check","hdb_resale_prices.lease_commence_date","hdb_resale_prices","sql","conformity","PASSED","mustBe","0","0",0,"count","","SELECT COUNT(*) FROM (SELECT ""lease_commence_date"" FROM ""hdb_resale_prices"" LIMIT 0) AS _vowl_column_exists","['hdb_resale_prices']","$.schema[0].properties[8].name","DeclaredColumnExistsCheckReference",,"True",5.2242920000935555
"remaining_lease_column_exists_check","hdb_resale_prices.remaining_lease","hdb_resale_prices","sql","conformity","PASSED","mustBe","0","0",0,"count","","SELECT COUNT(*) FROM (SELECT ""remaining_lease"" FROM ""hdb_resale_prices"" LIMIT 0) AS _vowl_column_exists","['hdb_resale_prices']","$.schema[0].properties[9].name","DeclaredColumnExistsCheckReference",,"True",4.310750000058761
"resale_price_column_exists_check","hdb_resale_prices.resale_price","hdb_resale_prices","sql","conformity","PASSED","mustBe","0","0",0,"count","","SELECT COUNT(*) FROM (SELECT ""resale_price"" FROM ""hdb_resale_prices"" LIMIT 0) AS _vowl_column_exists","['hdb_resale_prices']","$.schema[0].properties[10].name","DeclaredColumnExistsCheckReference",,"True",4.5218330001262075
"hdb_resale_prices_rowCount","hdb_resale_prices","hdb_resale_prices","sql","completeness","PASSED","mustBeBetween","201879","[0, 30000000]",0,"count","","SELECT COUNT(*) FROM ""hdb_resale_prices""","['hdb_resale_prices']","$.schema[0].quality[0]","RowCountCheckReference",,"True",6.758125000033033
"Month","hdb_resale_prices.month","hdb_resale_prices","sql","conformity","FAILED","mustBe","2","0",2,"count","","SELECT COUNT(*) FROM ""hdb_resale_prices"" WHERE NOT REGEXP_MATCHES(TRY_CAST(month AS TEXT), '^[0-9]{4}-(0[1-9]|1[0-2])$')","['hdb_resale_prices']","$.schema[0].properties[0].quality[0]","SQLColumnCheckReference","string","False",19.436582999787788
"town_nullValues","hdb_resale_prices.town","hdb_resale_prices","sql","completeness","PASSED","mustBe","0","0",0,"count","","SELECT COUNT(*) FROM ""hdb_resale_prices"" WHERE ""town"" IS NULL","['hdb_resale_prices']","$.schema[0].properties[1].quality[0]","NullValuesCheckReference",,"True",12.177417000202695
"flat_type_invalidValues","hdb_resale_prices.flat_type","hdb_resale_prices","sql","conformity","PASSED","mustBe","0","0",0,"count","","SELECT COUNT(*) FROM ""hdb_resale_prices"" WHERE NOT ""flat_type"" IS NULL AND NOT TRY_CAST(""flat_type"" AS TEXT) IN ('1 ROOM', '2 ROOM', '3 ROOM', '4 ROOM', '5 ROOM', 'EXECUTIVE', 'MULTI-GENERATION')","['hdb_resale_prices']","$.schema[0].properties[2].quality[0]","InvalidValuesCheckReference",,"True",19.35220899986234
"AddressBlockHouseNumber","hdb_resale_prices.block","hdb_resale_prices","sql","conformity","FAILED","mustBe","1","0",1,"count","","SELECT COUNT(*) FROM ""hdb_resale_prices"" WHERE NOT REGEXP_MATCHES(TRY_CAST(block AS TEXT), '^[A-Za-z0-9]{1,10}$')","['hdb_resale_prices']","$.schema[0].properties[3].quality[0]","SQLColumnCheckReference",,"False",18.518542000037996
"floor_area_must_be_less_than_200","hdb_resale_prices.floor_area_sqm","hdb_resale_prices","sql","consistency","FAILED","mustBe","12","0",12,"count","","SELECT COUNT(*) FROM ""hdb_resale_prices"" WHERE TRY_CAST(floor_area_sqm AS BIGINT) >= 200","['hdb_resale_prices']","$.schema[0].properties[6].quality[0]","SQLColumnCheckReference",,"False",15.207583000119484
"Year","hdb_resale_prices.lease_commence_date","hdb_resale_prices","sql","conformity","FAILED","mustBe","3","0",3,"count","","SELECT COUNT(*) FROM ""hdb_resale_prices"" WHERE NOT REGEXP_MATCHES(TRY_CAST(lease_commence_date AS TEXT), '^[0-9]{4}$')","['hdb_resale_prices']","$.schema[0].properties[8].quality[0]","SQLColumnCheckReference",,"False",19.256250000125874
"resale_price_must_not_exceed_2m","hdb_resale_prices.resale_price","hdb_resale_prices","sql","conformity","PASSED","mustBe","0","0",0,"count","","SELECT COUNT(*) FROM ""hdb_resale_prices"" WHERE TRY_CAST(resale_price AS BIGINT) > 2000000","['hdb_resale_prices']","$.schema[0].properties[10].quality[0]","SQLColumnCheckReference",,"False",18.378708999989612
