"check_name","target","schema_name","engine","status","operator","actual_value","expected_value","failed_rows_count","aggregation_type","message","rendered_implementation","tables_in_query","check_path","check_ref_type","logical_type","is_generated","execution_time_ms"
"employee_id_column_exists_check","demo_employee_payroll.employee_id","demo_employee_payroll","sql","PASSED","mustBe","0","0",0,"count","","SELECT COUNT(*) FROM (SELECT ""employee_id"" FROM ""demo_employee_payroll"" LIMIT 0) AS _vowl_column_exists","['demo_employee_payroll']","$.schema[0].properties[0].name","DeclaredColumnExistsCheckReference","string","True",5.553415998292621
"employee_id_logical_type_check","demo_employee_payroll.employee_id","demo_employee_payroll","sql","PASSED","mustBe","0","0",0,"count","","SELECT COUNT(*) FROM ""demo_employee_payroll"" WHERE NOT ""employee_id"" IS NULL AND TRY_CAST(""employee_id"" AS TEXT) IS NULL","['demo_employee_payroll']","$.schema[0].properties[0].logicalType","LogicalTypeCheckReference","string","True",9.05149999744026
"employee_id_logical_type_options_minLength_check","demo_employee_payroll.employee_id","demo_employee_payroll","sql","PASSED","mustBe","0","0",0,"count","","SELECT COUNT(*) FROM ""demo_employee_payroll"" WHERE NOT ""employee_id"" IS NULL AND LENGTH(TRY_CAST(""employee_id"" AS TEXT)) < 7","['demo_employee_payroll']","$.schema[0].properties[0].logicalTypeOptions.minLength","LogicalTypeOptionsCheckReference","string","True",40.31241700431565
"employee_id_logical_type_options_maxLength_check","demo_employee_payroll.employee_id","demo_employee_payroll","sql","PASSED","mustBe","0","0",0,"count","","SELECT COUNT(*) FROM ""demo_employee_payroll"" WHERE NOT ""employee_id"" IS NULL AND LENGTH(TRY_CAST(""employee_id"" AS TEXT)) > 7","['demo_employee_payroll']","$.schema[0].properties[0].logicalTypeOptions.maxLength","LogicalTypeOptionsCheckReference","string","True",22.2677499987185
"employee_id_logical_type_options_pattern_check","demo_employee_payroll.employee_id","demo_employee_payroll","sql","PASSED","mustBe","0","0",0,"count","","SELECT COUNT(*) FROM ""demo_employee_payroll"" WHERE NOT ""employee_id"" IS NULL AND NOT REGEXP_MATCHES(TRY_CAST(""employee_id"" AS TEXT), '^e[0-9]{6}$')","['demo_employee_payroll']","$.schema[0].properties[0].logicalTypeOptions.pattern","LogicalTypeOptionsCheckReference","string","True",21.752084001491312
"employee_id_required_check","demo_employee_payroll.employee_id","demo_employee_payroll","sql","PASSED","mustBe","0","0",0,"count","","SELECT COUNT(*) FROM ""demo_employee_payroll"" WHERE ""employee_id"" IS NULL","['demo_employee_payroll']","$.schema[0].properties[0].required","RequiredCheckReference","string","True",3.52266599657014
"employee_id_unique_check","demo_employee_payroll.employee_id","demo_employee_payroll","sql","PASSED","mustBe","0","0",0,"count","","SELECT COUNT(*) FROM ""demo_employee_payroll"" WHERE ""employee_id"" IN (SELECT ""employee_id"" FROM ""demo_employee_payroll"" WHERE NOT ""employee_id"" IS NULL GROUP BY ""employee_id"" HAVING COUNT(*) > 1)","['demo_employee_payroll']","$.schema[0].properties[0].unique","UniqueCheckReference","string","True",5.420666995632928
"employee_id_primary_key_check","demo_employee_payroll.employee_id","demo_employee_payroll","sql","PASSED","mustBe","0","0",0,"count","","SELECT COUNT(*) FROM ""demo_employee_payroll"" WHERE ""employee_id"" IS NULL OR ""employee_id"" IN (SELECT ""employee_id"" FROM ""demo_employee_payroll"" WHERE NOT ""employee_id"" IS NULL GROUP BY ""employee_id"" HAVING COUNT(*) > 1)","['demo_employee_payroll']","$.schema[0].properties[0].primaryKey","PrimaryKeyCheckReference","string","True",4.5635830028913915
"payroll_id_column_exists_check","demo_employee_payroll.payroll_id","demo_employee_payroll","sql","PASSED","mustBe","0","0",0,"count","","SELECT COUNT(*) FROM (SELECT ""payroll_id"" FROM ""demo_employee_payroll"" LIMIT 0) AS _vowl_column_exists","['demo_employee_payroll']","$.schema[0].properties[1].name","DeclaredColumnExistsCheckReference","string","True",3.7609159990097396
"payroll_id_logical_type_check","demo_employee_payroll.payroll_id","demo_employee_payroll","sql","PASSED","mustBe","0","0",0,"count","","SELECT COUNT(*) FROM ""demo_employee_payroll"" WHERE NOT ""payroll_id"" IS NULL AND TRY_CAST(""payroll_id"" AS TEXT) IS NULL","['demo_employee_payroll']","$.schema[0].properties[1].logicalType","LogicalTypeCheckReference","string","True",6.251874998270068
"payroll_id_logical_type_options_minLength_check","demo_employee_payroll.payroll_id","demo_employee_payroll","sql","PASSED","mustBe","0","0",0,"count","","SELECT COUNT(*) FROM ""demo_employee_payroll"" WHERE NOT ""payroll_id"" IS NULL AND LENGTH(TRY_CAST(""payroll_id"" AS TEXT)) < 36","['demo_employee_payroll']","$.schema[0].properties[1].logicalTypeOptions.minLength","LogicalTypeOptionsCheckReference","string","True",23.114709001674782
"payroll_id_logical_type_options_maxLength_check","demo_employee_payroll.payroll_id","demo_employee_payroll","sql","PASSED","mustBe","0","0",0,"count","","SELECT COUNT(*) FROM ""demo_employee_payroll"" WHERE NOT ""payroll_id"" IS NULL AND LENGTH(TRY_CAST(""payroll_id"" AS TEXT)) > 36","['demo_employee_payroll']","$.schema[0].properties[1].logicalTypeOptions.maxLength","LogicalTypeOptionsCheckReference","string","True",41.08312499738531
"payroll_id_logical_type_options_pattern_check","demo_employee_payroll.payroll_id","demo_employee_payroll","sql","PASSED","mustBe","0","0",0,"count","","SELECT COUNT(*) FROM ""demo_employee_payroll"" WHERE NOT ""payroll_id"" IS NULL AND NOT REGEXP_MATCHES(TRY_CAST(""payroll_id"" AS TEXT), '^[0-9a-f]{8}-[0-9a-f]{4}-[0-9a-f]{4}-[0-9a-f]{4}-[0-9a-f]{12}$')","['demo_employee_payroll']","$.schema[0].properties[1].logicalTypeOptions.pattern","LogicalTypeOptionsCheckReference","string","True",22.46420799929183
"payroll_id_required_check","demo_employee_payroll.payroll_id","demo_employee_payroll","sql","PASSED","mustBe","0","0",0,"count","","SELECT COUNT(*) FROM ""demo_employee_payroll"" WHERE ""payroll_id"" IS NULL","['demo_employee_payroll']","$.schema[0].properties[1].required","RequiredCheckReference","string","True",3.5753330012084916
"payroll_id_unique_check","demo_employee_payroll.payroll_id","demo_employee_payroll","sql","PASSED","mustBe","0","0",0,"count","","SELECT COUNT(*) FROM ""demo_employee_payroll"" WHERE ""payroll_id"" IN (SELECT ""payroll_id"" FROM ""demo_employee_payroll"" WHERE NOT ""payroll_id"" IS NULL GROUP BY ""payroll_id"" HAVING COUNT(*) > 1)","['demo_employee_payroll']","$.schema[0].properties[1].unique","UniqueCheckReference","string","True",4.562166002870072
"payroll_id_primary_key_check","demo_employee_payroll.payroll_id","demo_employee_payroll","sql","PASSED","mustBe","0","0",0,"count","","SELECT COUNT(*) FROM ""demo_employee_payroll"" WHERE ""payroll_id"" IS NULL OR ""payroll_id"" IN (SELECT ""payroll_id"" FROM ""demo_employee_payroll"" WHERE NOT ""payroll_id"" IS NULL GROUP BY ""payroll_id"" HAVING COUNT(*) > 1)","['demo_employee_payroll']","$.schema[0].properties[1].primaryKey","PrimaryKeyCheckReference","string","True",6.477999995695427
"month_column_exists_check","demo_employee_payroll.month","demo_employee_payroll","sql","PASSED","mustBe","0","0",0,"count","","SELECT COUNT(*) FROM (SELECT ""month"" FROM ""demo_employee_payroll"" LIMIT 0) AS _vowl_column_exists","['demo_employee_payroll']","$.schema[0].properties[2].name","DeclaredColumnExistsCheckReference","string","True",5.03466599911917
"month_logical_type_check","demo_employee_payroll.month","demo_employee_payroll","sql","PASSED","mustBe","0","0",0,"count","","SELECT COUNT(*) FROM ""demo_employee_payroll"" WHERE NOT ""month"" IS NULL AND TRY_CAST(""month"" AS TEXT) IS NULL","['demo_employee_payroll']","$.schema[0].properties[2].logicalType","LogicalTypeCheckReference","string","True",7.9121249946183525
"month_logical_type_options_pattern_check","demo_employee_payroll.month","demo_employee_payroll","sql","PASSED","mustBe","0","0",0,"count","","SELECT COUNT(*) FROM ""demo_employee_payroll"" WHERE NOT ""month"" IS NULL AND NOT REGEXP_MATCHES(TRY_CAST(""month"" AS TEXT), '^\d{4}-\d{2}$')","['demo_employee_payroll']","$.schema[0].properties[2].logicalTypeOptions.pattern","LogicalTypeOptionsCheckReference","string","True",26.323915997636504
"month_required_check","demo_employee_payroll.month","demo_employee_payroll","sql","PASSED","mustBe","0","0",0,"count","","SELECT COUNT(*) FROM ""demo_employee_payroll"" WHERE ""month"" IS NULL","['demo_employee_payroll']","$.schema[0].properties[2].required","RequiredCheckReference","string","True",4.811083999811672
"payroll_start_dt_column_exists_check","demo_employee_payroll.payroll_start_dt","demo_employee_payroll","sql","PASSED","mustBe","0","0",0,"count","","SELECT COUNT(*) FROM (SELECT ""payroll_start_dt"" FROM ""demo_employee_payroll"" LIMIT 0) AS _vowl_column_exists","['demo_employee_payroll']","$.schema[0].properties[3].name","DeclaredColumnExistsCheckReference","string","True",5.291999994369689
"payroll_start_dt_logical_type_check","demo_employee_payroll.payroll_start_dt","demo_employee_payroll","sql","PASSED","mustBe","0","0",0,"count","","SELECT COUNT(*) FROM ""demo_employee_payroll"" WHERE NOT ""payroll_start_dt"" IS NULL AND TRY_CAST(""payroll_start_dt"" AS TEXT) IS NULL","['demo_employee_payroll']","$.schema[0].properties[3].logicalType","LogicalTypeCheckReference","string","True",8.724792001885362
"payroll_end_dt_column_exists_check","demo_employee_payroll.payroll_end_dt","demo_employee_payroll","sql","PASSED","mustBe","0","0",0,"count","","SELECT COUNT(*) FROM (SELECT ""payroll_end_dt"" FROM ""demo_employee_payroll"" LIMIT 0) AS _vowl_column_exists","['demo_employee_payroll']","$.schema[0].properties[4].name","DeclaredColumnExistsCheckReference","date","True",4.88020899501862
"payroll_end_dt_logical_type_check","demo_employee_payroll.payroll_end_dt","demo_employee_payroll","sql","PASSED","mustBe","0","0",0,"count","","SELECT COUNT(*) FROM ""demo_employee_payroll"" WHERE NOT ""payroll_end_dt"" IS NULL AND TRY_CAST(""payroll_end_dt"" AS DATE) IS NULL","['demo_employee_payroll']","$.schema[0].properties[4].logicalType","LogicalTypeCheckReference","date","True",8.40920799964806
"total_amt_column_exists_check","demo_employee_payroll.total_amt","demo_employee_payroll","sql","PASSED","mustBe","0","0",0,"count","","SELECT COUNT(*) FROM (SELECT ""total_amt"" FROM ""demo_employee_payroll"" LIMIT 0) AS _vowl_column_exists","['demo_employee_payroll']","$.schema[0].properties[5].name","DeclaredColumnExistsCheckReference","integer","True",5.573583002842497
"total_amt_logical_type_check","demo_employee_payroll.total_amt","demo_employee_payroll","sql","PASSED","mustBe","0","0",0,"count","","SELECT COUNT(*) FROM ""demo_employee_payroll"" WHERE NOT ""total_amt"" IS NULL AND (TRY_CAST(""total_amt"" AS DOUBLE) IS NULL OR TRY_CAST(""total_amt"" AS DOUBLE) <> TRY_CAST(""total_amt"" AS BIGINT))","['demo_employee_payroll']","$.schema[0].properties[5].logicalType","LogicalTypeCheckReference","integer","True",8.687415996973868
"employer_cpf_amt_column_exists_check","demo_employee_payroll.employer_cpf_amt","demo_employee_payroll","sql","PASSED","mustBe","0","0",0,"count","","SELECT COUNT(*) FROM (SELECT ""employer_cpf_amt"" FROM ""demo_employee_payroll"" LIMIT 0) AS _vowl_column_exists","['demo_employee_payroll']","$.schema[0].properties[6].name","DeclaredColumnExistsCheckReference","number","True",5.2635839965660125
"employer_cpf_amt_logical_type_check","demo_employee_payroll.employer_cpf_amt","demo_employee_payroll","sql","PASSED","mustBe","0","0",0,"count","","SELECT COUNT(*) FROM ""demo_employee_payroll"" WHERE NOT ""employer_cpf_amt"" IS NULL AND TRY_CAST(""employer_cpf_amt"" AS DOUBLE) IS NULL","['demo_employee_payroll']","$.schema[0].properties[6].logicalType","LogicalTypeCheckReference","number","True",8.263584000815172
"total_amt_employee_column_exists_check","demo_employee_payroll.total_amt_employee","demo_employee_payroll","sql","PASSED","mustBe","0","0",0,"count","","SELECT COUNT(*) FROM (SELECT ""total_amt_employee"" FROM ""demo_employee_payroll"" LIMIT 0) AS _vowl_column_exists","['demo_employee_payroll']","$.schema[0].properties[7].name","DeclaredColumnExistsCheckReference","number","True",5.413499995484017
"total_amt_employee_logical_type_check","demo_employee_payroll.total_amt_employee","demo_employee_payroll","sql","PASSED","mustBe","0","0",0,"count","","SELECT COUNT(*) FROM ""demo_employee_payroll"" WHERE NOT ""total_amt_employee"" IS NULL AND TRY_CAST(""total_amt_employee"" AS DOUBLE) IS NULL","['demo_employee_payroll']","$.schema[0].properties[7].logicalType","LogicalTypeCheckReference","number","True",8.489209001709241
"total_amt_employee_required_check","demo_employee_payroll.total_amt_employee","demo_employee_payroll","sql","PASSED","mustBe","0","0",0,"count","","SELECT COUNT(*) FROM ""demo_employee_payroll"" WHERE ""total_amt_employee"" IS NULL","['demo_employee_payroll']","$.schema[0].properties[7].required","RequiredCheckReference","number","True",5.018249998101965
"employee_cpf_amt_column_exists_check","demo_employee_payroll.employee_cpf_amt","demo_employee_payroll","sql","PASSED","mustBe","0","0",0,"count","","SELECT COUNT(*) FROM (SELECT ""employee_cpf_amt"" FROM ""demo_employee_payroll"" LIMIT 0) AS _vowl_column_exists","['demo_employee_payroll']","$.schema[0].properties[8].name","DeclaredColumnExistsCheckReference","number","True",5.267250002361834
"employee_cpf_amt_logical_type_check","demo_employee_payroll.employee_cpf_amt","demo_employee_payroll","sql","PASSED","mustBe","0","0",0,"count","","SELECT COUNT(*) FROM ""demo_employee_payroll"" WHERE NOT ""employee_cpf_amt"" IS NULL AND TRY_CAST(""employee_cpf_amt"" AS DOUBLE) IS NULL","['demo_employee_payroll']","$.schema[0].properties[8].logicalType","LogicalTypeCheckReference","number","True",8.283499999379274
"employee_cpf_amt_required_check","demo_employee_payroll.employee_cpf_amt","demo_employee_payroll","sql","PASSED","mustBe","0","0",0,"count","","SELECT COUNT(*) FROM ""demo_employee_payroll"" WHERE ""employee_cpf_amt"" IS NULL","['demo_employee_payroll']","$.schema[0].properties[8].required","RequiredCheckReference","number","True",5.095042004541028
"employee_gross_amt_column_exists_check","demo_employee_payroll.employee_gross_amt","demo_employee_payroll","sql","PASSED","mustBe","0","0",0,"count","","SELECT COUNT(*) FROM (SELECT ""employee_gross_amt"" FROM ""demo_employee_payroll"" LIMIT 0) AS _vowl_column_exists","['demo_employee_payroll']","$.schema[0].properties[9].name","DeclaredColumnExistsCheckReference","number","True",5.0942079978995025
"employee_gross_amt_logical_type_check","demo_employee_payroll.employee_gross_amt","demo_employee_payroll","sql","PASSED","mustBe","0","0",0,"count","","SELECT COUNT(*) FROM ""demo_employee_payroll"" WHERE NOT ""employee_gross_amt"" IS NULL AND TRY_CAST(""employee_gross_amt"" AS DOUBLE) IS NULL","['demo_employee_payroll']","$.schema[0].properties[9].logicalType","LogicalTypeCheckReference","number","True",8.266000004368834
"employee_gross_amt_required_check","demo_employee_payroll.employee_gross_amt","demo_employee_payroll","sql","PASSED","mustBe","0","0",0,"count","","SELECT COUNT(*) FROM ""demo_employee_payroll"" WHERE ""employee_gross_amt"" IS NULL","['demo_employee_payroll']","$.schema[0].properties[9].required","RequiredCheckReference","number","True",5.0932919984916225
"phone_number_column_exists_check","demo_employee_payroll.phone_number","demo_employee_payroll","sql","PASSED","mustBe","0","0",0,"count","","SELECT COUNT(*) FROM (SELECT ""phone_number"" FROM ""demo_employee_payroll"" LIMIT 0) AS _vowl_column_exists","['demo_employee_payroll']","$.schema[0].properties[10].name","DeclaredColumnExistsCheckReference","string","True",5.3010840056231245
"phone_number_logical_type_check","demo_employee_payroll.phone_number","demo_employee_payroll","sql","PASSED","mustBe","0","0",0,"count","","SELECT COUNT(*) FROM ""demo_employee_payroll"" WHERE NOT ""phone_number"" IS NULL AND TRY_CAST(""phone_number"" AS TEXT) IS NULL","['demo_employee_payroll']","$.schema[0].properties[10].logicalType","LogicalTypeCheckReference","string","True",8.197791001293808
"phone_number_logical_type_options_minLength_check","demo_employee_payroll.phone_number","demo_employee_payroll","sql","PASSED","mustBe","0","0",0,"count","","SELECT COUNT(*) FROM ""demo_employee_payroll"" WHERE NOT ""phone_number"" IS NULL AND LENGTH(TRY_CAST(""phone_number"" AS TEXT)) < 8","['demo_employee_payroll']","$.schema[0].properties[10].logicalTypeOptions.minLength","LogicalTypeOptionsCheckReference","string","True",25.201749995176215
"phone_number_logical_type_options_maxLength_check","demo_employee_payroll.phone_number","demo_employee_payroll","sql","PASSED","mustBe","0","0",0,"count","","SELECT COUNT(*) FROM ""demo_employee_payroll"" WHERE NOT ""phone_number"" IS NULL AND LENGTH(TRY_CAST(""phone_number"" AS TEXT)) > 11","['demo_employee_payroll']","$.schema[0].properties[10].logicalTypeOptions.maxLength","LogicalTypeOptionsCheckReference","string","True",25.653124997916166
"phone_number_logical_type_options_pattern_check","demo_employee_payroll.phone_number","demo_employee_payroll","sql","FAILED","mustBe","3","0",3,"count","","SELECT COUNT(*) FROM ""demo_employee_payroll"" WHERE NOT ""phone_number"" IS NULL AND NOT REGEXP_MATCHES(TRY_CAST(""phone_number"" AS TEXT), '^\+65[0-9]{8}$')","['demo_employee_payroll']","$.schema[0].properties[10].logicalTypeOptions.pattern","LogicalTypeOptionsCheckReference","string","True",26.867915999901015
"total_amt_employee_equals_gross_plus_cpf","demo_employee_payroll","demo_employee_payroll","sql","PASSED","mustBe","0","0",0,"count","","SELECT COUNT(*) FROM demo_employee_payroll WHERE total_amt_employee <> (employee_gross_amt + employee_cpf_amt)","['demo_employee_payroll']","$.schema[0].quality[0]","SQLTableCheckReference",,"False",14.079541993851308
"demo_employee_payroll_rowCount","demo_employee_payroll","demo_employee_payroll","sql","PASSED","mustBeGreaterThan","3","0",0,"count","","SELECT COUNT(*) FROM ""demo_employee_payroll""","['demo_employee_payroll']","$.schema[0].quality[3]","RowCountCheckReference",,"True",8.052542005316354
"employee_id_nullValues","demo_employee_payroll.employee_id","demo_employee_payroll","sql","PASSED","mustBe","0","0",0,"count","","SELECT COUNT(*) FROM ""demo_employee_payroll"" WHERE ""employee_id"" IS NULL","['demo_employee_payroll']","$.schema[0].properties[0].quality[0]","NullValuesCheckReference","string","True",14.289082995674107
"Month","demo_employee_payroll.month","demo_employee_payroll","sql","PASSED","mustBe","0","0",0,"count","","SELECT COUNT(*) FROM demo_employee_payroll WHERE NOT REGEXP_MATCHES(TRY_CAST(month AS TEXT), '^[0-9]{4}-(0[1-9]|1[0-2])$')","['demo_employee_payroll']","$.schema[0].properties[2].quality[0]","SQLColumnCheckReference","string","False",17.44383300683694
"month_invalidValues","demo_employee_payroll.month","demo_employee_payroll","sql","PASSED","mustBe","0","0",0,"count","","SELECT COUNT(*) FROM ""demo_employee_payroll"" WHERE NOT ""month"" IS NULL AND NOT REGEXP_MATCHES(TRY_CAST(""month"" AS TEXT), '^\d{4}-(0[1-9]|1[0-2])$')","['demo_employee_payroll']","$.schema[0].properties[2].quality[1]","InvalidValuesCheckReference","string","True",20.56937500310596
"Date With Timezone","demo_employee_payroll.payroll_start_dt","demo_employee_payroll","sql","FAILED","mustBe","3","0",3,"count","","SELECT COUNT(*) FROM demo_employee_payroll WHERE NOT REGEXP_MATCHES(TRY_CAST(payroll_start_dt AS TEXT), '^[0-9]{4}-(0[1-9]|1[0-2])-(0[1-9]|[12][0-9]|3[01])T([01][0-9]|2[0-3]):[0-5][0-9][+-]([01][0-9]|2[0-3]):[0-5][0-9]$') OR LENGTH(TRY_CAST(payroll_start_dt AS TEXT)) > 22","['demo_employee_payroll']","$.schema[0].properties[3].quality[0]","SQLColumnCheckReference","string","False",17.83666700066533
"Date With Timezone","demo_employee_payroll.payroll_end_dt","demo_employee_payroll","sql","FAILED","mustBe","3","0",3,"count","","SELECT COUNT(*) FROM demo_employee_payroll WHERE NOT REGEXP_MATCHES(TRY_CAST(payroll_end_dt AS TEXT), '^[0-9]{4}-(0[1-9]|1[0-2])-(0[1-9]|[12][0-9]|3[01])T([01][0-9]|2[0-3]):[0-5][0-9][+-]([01][0-9]|2[0-3]):[0-5][0-9]$') OR LENGTH(TRY_CAST(payroll_end_dt AS TEXT)) > 22","['demo_employee_payroll']","$.schema[0].properties[4].quality[0]","SQLColumnCheckReference","date","False",18.105333001585677
"total_amt_equals_employer_cpf_plus_total_amt_employee","demo_employee_payroll.total_amt","demo_employee_payroll","sql","PASSED","mustBe","0","0",0,"count","","SELECT COUNT(*) FROM demo_employee_payroll WHERE total_amt <> (employer_cpf_amt + total_amt_employee) OR (NOT total_amt IS NULL AND (employer_cpf_amt IS NULL OR total_amt_employee IS NULL))","['demo_employee_payroll']","$.schema[0].properties[5].quality[0]","SQLColumnCheckReference","integer","False",15.667832994950004
"total_amt_missingValues","demo_employee_payroll.total_amt","demo_employee_payroll","sql","PASSED","mustBe","0","0",0,"count","","SELECT COUNT(*) FROM ""demo_employee_payroll"" WHERE ""total_amt"" IS NULL OR TRY_CAST(""total_amt"" AS TEXT) IN ('')","['demo_employee_payroll']","$.schema[0].properties[5].quality[1]","MissingValuesCheckReference","integer","True",20.37216699682176
"employee_id_column_exists_check","demo_employee_list.employee_id","demo_employee_list","sql","PASSED","mustBe","0","0",0,"count","","SELECT COUNT(*) FROM (SELECT ""employee_id"" FROM ""demo_employee_list"" LIMIT 0) AS _vowl_column_exists","['demo_employee_list']","$.schema[1].properties[0].name","DeclaredColumnExistsCheckReference","string","True",5.638082999212202
"employee_id_logical_type_check","demo_employee_list.employee_id","demo_employee_list","sql","PASSED","mustBe","0","0",0,"count","","SELECT COUNT(*) FROM ""demo_employee_list"" WHERE NOT ""employee_id"" IS NULL AND TRY_CAST(""employee_id"" AS TEXT) IS NULL","['demo_employee_list']","$.schema[1].properties[0].logicalType","LogicalTypeCheckReference","string","True",9.1971250003553
"employee_id_logical_type_options_pattern_check","demo_employee_list.employee_id","demo_employee_list","sql","PASSED","mustBe","0","0",0,"count","","SELECT COUNT(*) FROM ""demo_employee_list"" WHERE NOT ""employee_id"" IS NULL AND NOT REGEXP_MATCHES(TRY_CAST(""employee_id"" AS TEXT), '^e[0-9]+$')","['demo_employee_list']","$.schema[1].properties[0].logicalTypeOptions.pattern","LogicalTypeOptionsCheckReference","string","True",26.52341599605279
"employee_id_logical_type_options_minLength_check","demo_employee_list.employee_id","demo_employee_list","sql","PASSED","mustBe","0","0",0,"count","","SELECT COUNT(*) FROM ""demo_employee_list"" WHERE NOT ""employee_id"" IS NULL AND LENGTH(TRY_CAST(""employee_id"" AS TEXT)) < 7","['demo_employee_list']","$.schema[1].properties[0].logicalTypeOptions.minLength","LogicalTypeOptionsCheckReference","string","True",26.290750000043772
"employee_id_logical_type_options_maxLength_check","demo_employee_list.employee_id","demo_employee_list","sql","PASSED","mustBe","0","0",0,"count","","SELECT COUNT(*) FROM ""demo_employee_list"" WHERE NOT ""employee_id"" IS NULL AND LENGTH(TRY_CAST(""employee_id"" AS TEXT)) > 7","['demo_employee_list']","$.schema[1].properties[0].logicalTypeOptions.maxLength","LogicalTypeOptionsCheckReference","string","True",42.24779200012563
"employee_id_required_check","demo_employee_list.employee_id","demo_employee_list","sql","PASSED","mustBe","0","0",0,"count","","SELECT COUNT(*) FROM ""demo_employee_list"" WHERE ""employee_id"" IS NULL","['demo_employee_list']","$.schema[1].properties[0].required","RequiredCheckReference","string","True",3.755457997613121
"employee_id_unique_check","demo_employee_list.employee_id","demo_employee_list","sql","PASSED","mustBe","0","0",0,"count","","SELECT COUNT(*) FROM ""demo_employee_list"" WHERE ""employee_id"" IN (SELECT ""employee_id"" FROM ""demo_employee_list"" WHERE NOT ""employee_id"" IS NULL GROUP BY ""employee_id"" HAVING COUNT(*) > 1)","['demo_employee_list']","$.schema[1].properties[0].unique","UniqueCheckReference","string","True",4.270750003342982
"employee_id_primary_key_check","demo_employee_list.employee_id","demo_employee_list","sql","PASSED","mustBe","0","0",0,"count","","SELECT COUNT(*) FROM ""demo_employee_list"" WHERE ""employee_id"" IS NULL OR ""employee_id"" IN (SELECT ""employee_id"" FROM ""demo_employee_list"" WHERE NOT ""employee_id"" IS NULL GROUP BY ""employee_id"" HAVING COUNT(*) > 1)","['demo_employee_list']","$.schema[1].properties[0].primaryKey","PrimaryKeyCheckReference","string","True",4.179208001005463
"employee_last_name_column_exists_check","demo_employee_list.employee_last_name","demo_employee_list","sql","PASSED","mustBe","0","0",0,"count","","SELECT COUNT(*) FROM (SELECT ""employee_last_name"" FROM ""demo_employee_list"" LIMIT 0) AS _vowl_column_exists","['demo_employee_list']","$.schema[1].properties[1].name","DeclaredColumnExistsCheckReference","string","True",3.7892500040470622
"employee_last_name_logical_type_check","demo_employee_list.employee_last_name","demo_employee_list","sql","PASSED","mustBe","0","0",0,"count","","SELECT COUNT(*) FROM ""demo_employee_list"" WHERE NOT ""employee_last_name"" IS NULL AND TRY_CAST(""employee_last_name"" AS TEXT) IS NULL","['demo_employee_list']","$.schema[1].properties[1].logicalType","LogicalTypeCheckReference","string","True",6.088458001613617
"employee_last_name_required_check","demo_employee_list.employee_last_name","demo_employee_list","sql","PASSED","mustBe","0","0",0,"count","","SELECT COUNT(*) FROM ""demo_employee_list"" WHERE ""employee_last_name"" IS NULL","['demo_employee_list']","$.schema[1].properties[1].required","RequiredCheckReference","string","True",3.726125003595371
"employee_first_name_column_exists_check","demo_employee_list.employee_first_name","demo_employee_list","sql","PASSED","mustBe","0","0",0,"count","","SELECT COUNT(*) FROM (SELECT ""employee_first_name"" FROM ""demo_employee_list"" LIMIT 0) AS _vowl_column_exists","['demo_employee_list']","$.schema[1].properties[2].name","DeclaredColumnExistsCheckReference","string","True",3.6616659999708645
"employee_first_name_logical_type_check","demo_employee_list.employee_first_name","demo_employee_list","sql","PASSED","mustBe","0","0",0,"count","","SELECT COUNT(*) FROM ""demo_employee_list"" WHERE NOT ""employee_first_name"" IS NULL AND TRY_CAST(""employee_first_name"" AS TEXT) IS NULL","['demo_employee_list']","$.schema[1].properties[2].logicalType","LogicalTypeCheckReference","string","True",6.067792004614603
"employee_first_name_required_check","demo_employee_list.employee_first_name","demo_employee_list","sql","PASSED","mustBe","0","0",0,"count","","SELECT COUNT(*) FROM ""demo_employee_list"" WHERE ""employee_first_name"" IS NULL","['demo_employee_list']","$.schema[1].properties[2].required","RequiredCheckReference","string","True",3.595000001951121
"current_title_column_exists_check","demo_employee_list.current_title","demo_employee_list","sql","PASSED","mustBe","0","0",0,"count","","SELECT COUNT(*) FROM (SELECT ""current_title"" FROM ""demo_employee_list"" LIMIT 0) AS _vowl_column_exists","['demo_employee_list']","$.schema[1].properties[3].name","DeclaredColumnExistsCheckReference","string","True",3.6858329985989258
"current_title_logical_type_check","demo_employee_list.current_title","demo_employee_list","sql","PASSED","mustBe","0","0",0,"count","","SELECT COUNT(*) FROM ""demo_employee_list"" WHERE NOT ""current_title"" IS NULL AND TRY_CAST(""current_title"" AS TEXT) IS NULL","['demo_employee_list']","$.schema[1].properties[3].logicalType","LogicalTypeCheckReference","string","True",6.061916996259242
"phone_number_column_exists_check","demo_employee_list.phone_number","demo_employee_list","sql","PASSED","mustBe","0","0",0,"count","","SELECT COUNT(*) FROM (SELECT ""phone_number"" FROM ""demo_employee_list"" LIMIT 0) AS _vowl_column_exists","['demo_employee_list']","$.schema[1].properties[4].name","DeclaredColumnExistsCheckReference","string","True",21.85720799752744
"phone_number_logical_type_check","demo_employee_list.phone_number","demo_employee_list","sql","PASSED","mustBe","0","0",0,"count","","SELECT COUNT(*) FROM ""demo_employee_list"" WHERE NOT ""phone_number"" IS NULL AND TRY_CAST(""phone_number"" AS TEXT) IS NULL","['demo_employee_list']","$.schema[1].properties[4].logicalType","LogicalTypeCheckReference","string","True",5.9346659982111305
"phone_number_logical_type_options_pattern_check","demo_employee_list.phone_number","demo_employee_list","sql","FAILED","mustBe","2","0",2,"count","","SELECT COUNT(*) FROM ""demo_employee_list"" WHERE NOT ""phone_number"" IS NULL AND NOT REGEXP_MATCHES(TRY_CAST(""phone_number"" AS TEXT), '^\+[0-9]+$')","['demo_employee_list']","$.schema[1].properties[4].logicalTypeOptions.pattern","LogicalTypeOptionsCheckReference","string","True",22.11416700447444
"phone_number_unique_check","demo_employee_list.phone_number","demo_employee_list","sql","PASSED","mustBe","0","0",0,"count","","SELECT COUNT(*) FROM ""demo_employee_list"" WHERE ""phone_number"" IN (SELECT ""phone_number"" FROM ""demo_employee_list"" WHERE NOT ""phone_number"" IS NULL GROUP BY ""phone_number"" HAVING COUNT(*) > 1)","['demo_employee_list']","$.schema[1].properties[4].unique","UniqueCheckReference","string","True",10.240292001981288
"PersonName","demo_employee_list.employee_last_name","demo_employee_list","sql","PASSED","mustBe","0","0",0,"count","","SELECT COUNT(*) FROM demo_employee_list WHERE NOT employee_last_name IS NULL AND LENGTH(TRY_CAST(employee_last_name AS TEXT)) > 66","['demo_employee_list']","$.schema[1].properties[1].quality[0]","SQLColumnCheckReference","string","False",16.90858299843967
"PersonName","demo_employee_list.employee_first_name","demo_employee_list","sql","PASSED","mustBe","0","0",0,"count","","SELECT COUNT(*) FROM demo_employee_list WHERE NOT employee_first_name IS NULL AND LENGTH(TRY_CAST(employee_first_name AS TEXT)) > 66","['demo_employee_list']","$.schema[1].properties[2].quality[0]","SQLColumnCheckReference","string","False",16.96191700466443
"TelephoneNumber","demo_employee_list.phone_number","demo_employee_list","sql","PASSED","mustBe","0","0",0,"count","","SELECT COUNT(*) FROM demo_employee_list WHERE NOT REGEXP_MATCHES(TRY_CAST(phone_number AS TEXT), '^[0-9]{1,12}$')","['demo_employee_list']","$.schema[1].properties[4].quality[0]","SQLColumnCheckReference","string","False",17.56037499580998
"employee_id_exists_in_master_list","demo_employee_payroll","demo_employee_payroll","sql","FAILED","mustBe","1","0",1,"count","","SELECT COUNT(*) FROM demo_employee_payroll AS payroll LEFT JOIN demo_employee_list AS ref ON payroll.employee_id = ref.employee_id WHERE ref.employee_id IS NULL","['demo_employee_list', 'demo_employee_payroll']","$.schema[0].quality[1]","SQLTableCheckReference",,"False",14.783625003474299
"phone_number_exists_in_master_list","demo_employee_payroll","demo_employee_payroll","sql","FAILED","mustBe","2","0",2,"count","","SELECT COUNT(*) FROM demo_employee_payroll AS payroll LEFT JOIN demo_employee_list AS ref ON payroll.phone_number = ref.phone_number WHERE NOT payroll.phone_number IS NULL AND ref.phone_number IS NULL","['demo_employee_list', 'demo_employee_payroll']","$.schema[0].quality[2]","SQLTableCheckReference",,"False",15.039167003124021
